company_slug,company_name,ticker,market_cap_usd,market_cap_display,source_kind,source_reported_at_label,fetched_at,companies_market_cap_url,source_note
nvidia,NVIDIA,NVDA,4862000000000,$4.862 T,live,"Jul 31st, 2026",2026-08-01T07:08:05.767Z,https://companiesmarketcap.com/nvidia/marketcap/,retrieved from website (31-07-2026 21:01 UTC)
apple,Apple,AAPL,4537000000000,$4.537 T,live,"Jul 31st, 2026",2026-08-01T07:08:05.767Z,https://companiesmarketcap.com/apple/marketcap/,retrieved from website (31-07-2026 21:01 UTC)
alphabet,Alphabet,GOOGL,4361000000000,$4.361 T,live,"Jul 31st, 2026",2026-08-01T07:08:05.767Z,https://companiesmarketcap.com/alphabet-google/marketcap/,retrieved from website (31-07-2026 21:01 UTC)
microsoft,Microsoft,MSFT,3450000000000,$3.450 T,live,"Jul 31st, 2026",2026-08-01T07:08:05.767Z,https://companiesmarketcap.com/microsoft/marketcap/,retrieved from website (31-07-2026 21:01 UTC)
amazon,Amazon,AMZN,2921000000000,$2.921 T,live,"Jul 31st, 2026",2026-08-01T07:08:05.767Z,https://companiesmarketcap.com/amazon/marketcap/,retrieved from website (31-07-2026 21:01 UTC)
broadcom,Broadcom,AVGO,1852000000000,$1.852 T,live,"Jul 31st, 2026",2026-08-01T07:08:05.767Z,https://companiesmarketcap.com/broadcom/marketcap/,retrieved from website (31-07-2026 21:01 UTC)
meta-platforms,Meta Platforms,META,1418000000000,$1.418 T,live,"Jul 31st, 2026",2026-08-01T07:08:05.767Z,https://companiesmarketcap.com/meta-platforms/marketcap/,retrieved from website (31-07-2026 21:01 UTC)
tesla,Tesla,TSLA,1229000000000,$1.229 T,live,"Jul 31st, 2026",2026-08-01T07:08:05.767Z,https://companiesmarketcap.com/tesla/marketcap/,retrieved from website (31-07-2026 21:01 UTC)
berkshire-hathaway,Berkshire Hathaway,BRK.B,1103000000000,$1.103 T,live,August 2026,2026-08-01T07:08:05.767Z,https://companiesmarketcap.com/berkshire-hathaway/marketcap/,
eli-lilly,Eli Lilly,LLY,1024000000000,$1.024 T,live,"Jul 31st, 2026",2026-08-01T07:08:05.767Z,https://companiesmarketcap.com/eli-lilly/marketcap/,retrieved from website (31-07-2026 21:01 UTC)
micron-technology,Micron Technology,MU,929520000000,$929.52 B,live,"Jul 31st, 2026",2026-08-01T07:08:05.767Z,https://companiesmarketcap.com/micron-technology/marketcap/,retrieved from website (31-07-2026 21:01 UTC)
walmart,Walmart,WMT,884930000000,$884.93 B,live,"Jul 31st, 2026",2026-08-01T07:08:05.767Z,https://companiesmarketcap.com/walmart/marketcap/,retrieved from website (31-07-2026 21:01 UTC)
advanced-micro-devices,Advanced Micro Devices,AMD,776410000000,$776.41 B,live,"Jul 31st, 2026",2026-08-01T07:08:05.767Z,https://companiesmarketcap.com/amd/marketcap/,retrieved from website (31-07-2026 21:01 UTC)
visa,Visa,V,683580000000,$683.58 B,live,"Jul 31st, 2026",2026-08-01T07:08:05.767Z,https://companiesmarketcap.com/visa/marketcap/,retrieved from website (31-07-2026 21:01 UTC)
jpmorgan-chase,JPMorgan Chase,JPM,670618000000,$670.6 B,published-fallback,2026-03-25,2026-08-01T07:08:05.767Z,https://companiesmarketcap.com/jpmorgan-chase/marketcap/,Live fetch failed; used the latest published market-cap metric instead. Received 404 Not Found
exxon-mobil,Exxon Mobil,XOM,644290000000,$644.29 B,live,"Jul 31st, 2026",2026-08-01T07:08:05.767Z,https://companiesmarketcap.com/exxon-mobil/marketcap/,retrieved from website (31-07-2026 21:01 UTC)
johnson-johnson,Johnson & Johnson,JNJ,585580000000,$585.6 B,published-fallback,2026-03-24,2026-08-01T07:08:05.767Z,https://companiesmarketcap.com/johnson-johnson/marketcap/,Live fetch failed; used the latest published market-cap metric instead. Received 404 Not Found
mastercard,Mastercard,MA,506380000000,$506.38 B,live,"Jul 31st, 2026",2026-08-01T07:08:05.767Z,https://companiesmarketcap.com/mastercard/marketcap/,retrieved from website (31-07-2026 21:01 UTC)
cisco-systems,Cisco Systems,CSCO,457160000000,$457.16 B,live,"Jul 31st, 2026",2026-08-01T07:08:05.767Z,https://companiesmarketcap.com/cisco/marketcap/,retrieved from website (31-07-2026 21:01 UTC)
intel,Intel,INTC,454960000000,$454.96 B,live,"Jul 31st, 2026",2026-08-01T07:08:05.767Z,https://companiesmarketcap.com/intel/marketcap/,retrieved from website (31-07-2026 21:01 UTC)
abbvie,AbbVie,ABBV,443350000000,$443.35 B,live,"Jul 31st, 2026",2026-08-01T07:08:05.767Z,https://companiesmarketcap.com/abbvie/marketcap/,retrieved from website (31-07-2026 21:01 UTC)
bank-of-america,Bank of America,BAC,434760000000,$434.76 B,live,"Jul 31st, 2026",2026-08-01T07:08:05.767Z,https://companiesmarketcap.com/bank-of-america/marketcap/,retrieved from website (31-07-2026 21:01 UTC)
costco,Costco,COST,422140000000,$422.14 B,live,"Jul 31st, 2026",2026-08-01T07:08:05.767Z,https://companiesmarketcap.com/costco/marketcap/,retrieved from website (31-07-2026 21:01 UTC)
applied-materials,Applied Materials,AMAT,403060000000,$403.06 B,live,"Jul 31st, 2026",2026-08-01T07:08:05.767Z,https://companiesmarketcap.com/applied-materials/marketcap/,retrieved from website (31-07-2026 21:01 UTC)
chevron,Chevron,CVX,392000000000,$392.00 B,live,"Jul 31st, 2026",2026-08-01T07:08:05.767Z,https://companiesmarketcap.com/chevron/marketcap/,retrieved from website (31-07-2026 21:01 UTC)
coca-cola,Coca-Cola,KO,376860000000,$376.86 B,live,"Jul 31st, 2026",2026-08-01T07:08:05.767Z,https://companiesmarketcap.com/coca-cola/marketcap/,retrieved from website (31-07-2026 21:01 UTC)
unitedhealth-group,UnitedHealth Group,UNH,376330000000,$376.33 B,live,"Jul 31st, 2026",2026-08-01T07:08:05.767Z,https://companiesmarketcap.com/united-health/marketcap/,retrieved from website (31-07-2026 21:01 UTC)
caterpillar,Caterpillar,CAT,375290000000,$375.29 B,live,"Jul 31st, 2026",2026-08-01T07:08:05.767Z,https://companiesmarketcap.com/caterpillar/marketcap/,retrieved from website (31-07-2026 21:01 UTC)
oracle,Oracle,ORCL,374080000000,$374.08 B,live,"Jul 31st, 2026",2026-08-01T07:08:05.767Z,https://companiesmarketcap.com/oracle/marketcap/,retrieved from website (31-07-2026 21:01 UTC)
ge-aerospace,GE Aerospace,GE,373590000000,$373.59 B,live,"Jul 31st, 2026",2026-08-01T07:08:05.767Z,https://companiesmarketcap.com/general-electric/marketcap/,retrieved from website (31-07-2026 21:01 UTC)
lam-research,Lam Research,LRCX,366640000000,$366.64 B,live,"Jul 31st, 2026",2026-08-01T07:08:05.767Z,https://companiesmarketcap.com/lam-research/marketcap/,retrieved from website (31-07-2026 21:01 UTC)
procter-gamble,Procter & Gamble,PG,336450000000,$336.45 B,live,"Jul 31st, 2026",2026-08-01T07:08:05.767Z,https://companiesmarketcap.com/procter-and-gamble/marketcap/,retrieved from website (31-07-2026 21:01 UTC)
morgan-stanley,Morgan Stanley,MS,330780000000,$330.78 B,live,"Jul 31st, 2026",2026-08-01T07:08:05.767Z,https://companiesmarketcap.com/morgan-stanley/marketcap/,retrieved from website (31-07-2026 21:01 UTC)
merck-co,Merck & Co.,MRK,321570000000,$321.57 B,live,"Jul 31st, 2026",2026-08-01T07:08:05.767Z,https://companiesmarketcap.com/merck/marketcap/,retrieved from website (31-07-2026 21:01 UTC)
goldman-sachs,Goldman Sachs,GS,300420000000,$300.42 B,live,"Jul 31st, 2026",2026-08-01T07:08:05.767Z,https://companiesmarketcap.com/goldman-sachs/marketcap/,retrieved from website (31-07-2026 21:01 UTC)
netflix,Netflix,NFLX,298590000000,$298.59 B,live,"Jul 31st, 2026",2026-08-01T07:08:05.767Z,https://companiesmarketcap.com/netflix/marketcap/,retrieved from website (31-07-2026 21:01 UTC)
philip-morris-international,Philip Morris International,PM,297410000000,$297.41 B,live,"Jul 31st, 2026",2026-08-01T07:08:05.767Z,https://companiesmarketcap.com/philip-morris/marketcap/,retrieved from website (31-07-2026 21:01 UTC)
palantir-technologies,Palantir Technologies,PLTR,295010000000,$295.01 B,live,"Jul 31st, 2026",2026-08-01T07:08:05.767Z,https://companiesmarketcap.com/palantir/marketcap/,retrieved from website (31-07-2026 21:01 UTC)
rtx,RTX,RTX,290060000000,$290.06 B,live,"Jul 31st, 2026",2026-08-01T07:08:05.767Z,https://companiesmarketcap.com/raytheon-technologies/marketcap/,retrieved from website (31-07-2026 21:01 UTC)
palo-alto-networks,Palo Alto Networks,PANW,270440000000,$270.44 B,live,"Jul 31st, 2026",2026-08-01T07:08:05.767Z,https://companiesmarketcap.com/palo-alto-networks/marketcap/,retrieved from website (31-07-2026 21:01 UTC)
ge-vernova,GE Vernova,GEV,263740000000,$263.74 B,live,"Jul 31st, 2026",2026-08-01T07:08:05.767Z,https://companiesmarketcap.com/ge-vernova/marketcap/,retrieved from website (31-07-2026 21:01 UTC)
dell-technologies,Dell Technologies,DELL,261920000000,$261.92 B,live,"Jul 31st, 2026",2026-08-01T07:08:05.767Z,https://companiesmarketcap.com/dell/marketcap/,retrieved from website (31-07-2026 21:01 UTC)
wells-fargo,Wells Fargo,WFC,261420000000,$261.42 B,live,"Jul 31st, 2026",2026-08-01T07:08:05.767Z,https://companiesmarketcap.com/wells-fargo/marketcap/,retrieved from website (31-07-2026 21:01 UTC)
texas-instruments,Texas Instruments,TXN,251810000000,$251.81 B,live,"Jul 31st, 2026",2026-08-01T07:08:05.767Z,https://companiesmarketcap.com/texas-instruments/marketcap/,retrieved from website (31-07-2026 21:01 UTC)
kla,KLA,KLAC,238810000000,$238.81 B,live,"Jul 31st, 2026",2026-08-01T07:08:05.767Z,https://companiesmarketcap.com/kla/marketcap/,retrieved from website (31-07-2026 21:01 UTC)
arista-networks,Arista Networks,ANET,227090000000,$227.09 B,live,"Jul 31st, 2026",2026-08-01T07:08:05.767Z,https://companiesmarketcap.com/arista-networks/marketcap/,retrieved from website (31-07-2026 21:01 UTC)
american-express,American Express,AXP,227070000000,$227.07 B,live,"Jul 31st, 2026",2026-08-01T07:08:05.767Z,https://companiesmarketcap.com/american-express/marketcap/,retrieved from website (31-07-2026 21:01 UTC)
citigroup,Citigroup,C,222170000000,$222.17 B,live,"Jul 31st, 2026",2026-08-01T07:08:05.767Z,https://companiesmarketcap.com/citigroup/marketcap/,retrieved from website (31-07-2026 21:01 UTC)
linde,Linde,LIN,221170000000,$221.17 B,live,"Jul 31st, 2026",2026-08-01T07:08:05.767Z,https://companiesmarketcap.com/linde/marketcap/,retrieved from website (31-07-2026 21:01 UTC)
thermo-fisher-scientific,Thermo Fisher Scientific,TMO,213420000000,$213.42 B,live,"Jul 31st, 2026",2026-08-01T07:08:05.767Z,https://companiesmarketcap.com/thermo-fisher-scientific/marketcap/,retrieved from website (31-07-2026 21:01 UTC)
ibm,IBM,IBM,210700000000,$210.70 B,live,"Jul 31st, 2026",2026-08-01T07:08:05.767Z,https://companiesmarketcap.com/ibm/marketcap/,retrieved from website (31-07-2026 21:01 UTC)
amgen,Amgen,AMGN,207870000000,$207.87 B,live,"Jul 31st, 2026",2026-08-01T07:08:05.767Z,https://companiesmarketcap.com/amgen/marketcap/,retrieved from website (31-07-2026 21:01 UTC)
amphenol,Amphenol,APH,197690000000,$197.69 B,live,"Jul 31st, 2026",2026-08-01T07:08:05.767Z,https://companiesmarketcap.com/amphenol/marketcap/,retrieved from website (31-07-2026 21:01 UTC)
verizon-communications,Verizon Communications,VZ,195450000000,$195.45 B,live,"Jul 31st, 2026",2026-08-01T07:08:05.767Z,https://companiesmarketcap.com/verizon/marketcap/,retrieved from website (31-07-2026 21:01 UTC)
crowdstrike,CrowdStrike,CRWD,194340000000,$194.34 B,live,"Jul 31st, 2026",2026-08-01T07:08:05.767Z,https://companiesmarketcap.com/crowdstrike/marketcap/,retrieved from website (31-07-2026 21:01 UTC)
mcdonalds,McDonald's,MCD,192290000000,$192.29 B,live,"Jul 31st, 2026",2026-08-01T07:08:05.767Z,https://companiesmarketcap.com/mcdonald/marketcap/,retrieved from website (31-07-2026 21:01 UTC)
pepsico,PepsiCo,PEP,190630000000,$190.63 B,live,"Jul 31st, 2026",2026-08-01T07:08:05.767Z,https://companiesmarketcap.com/pepsico/marketcap/,retrieved from website (31-07-2026 21:01 UTC)
western-digital,Western Digital,WDC,187790000000,$187.79 B,live,"Jul 31st, 2026",2026-08-01T07:08:05.767Z,https://companiesmarketcap.com/western-digital/marketcap/,retrieved from website (31-07-2026 21:01 UTC)
t-mobile-us,T-Mobile US,TMUS,185260000000,$185.26 B,live,"Jul 31st, 2026",2026-08-01T07:08:05.767Z,https://companiesmarketcap.com/t-mobile-us/marketcap/,retrieved from website (31-07-2026 21:01 UTC)
abbott-laboratories,Abbott Laboratories,ABT,184100000000,$184.10 B,live,"Jul 31st, 2026",2026-08-01T07:08:05.767Z,https://companiesmarketcap.com/abbott-laboratories/marketcap/,retrieved from website (31-07-2026 21:01 UTC)
charles-schwab,Charles Schwab,SCHW,183020000000,$183.02 B,live,"Jul 31st, 2026",2026-08-01T07:08:05.767Z,https://companiesmarketcap.com/charles-schwab/marketcap/,retrieved from website (31-07-2026 21:01 UTC)
seagate-technology,Seagate Technology,STX,181730000000,$181.7 B,published-fallback,2026-05-26,2026-08-01T07:08:05.767Z,https://companiesmarketcap.com/seagate-technology/marketcap/,Live fetch failed; used the latest published market-cap metric instead. Received 404 Not Found
nextera-energy,NextEra Energy,NEE,181280000000,$181.28 B,live,"Jul 31st, 2026",2026-08-01T07:08:05.767Z,https://companiesmarketcap.com/nextera-energy/marketcap/,retrieved from website (31-07-2026 21:01 UTC)
analog-devices,Analog Devices,ADI,178960000000,$178.96 B,live,"Jul 31st, 2026",2026-08-01T07:08:05.767Z,https://companiesmarketcap.com/analog-devices/marketcap/,retrieved from website (31-07-2026 21:01 UTC)
blackrock,BlackRock,BLK,177290000000,$177.29 B,live,"Jul 31st, 2026",2026-08-01T07:08:05.767Z,https://companiesmarketcap.com/blackrock/marketcap/,retrieved from website (31-07-2026 21:01 UTC)
att,AT&T,T,176070000000,$176.1 B,published-fallback,2026-05-25,2026-08-01T07:08:05.767Z,https://companiesmarketcap.com/at-t/marketcap/,Live fetch failed; used the latest published market-cap metric instead. Received 404 Not Found
tjx-companies,TJX Companies,TJX,173810000000,$173.81 B,live,"Jul 31st, 2026",2026-08-01T07:08:05.767Z,https://companiesmarketcap.com/tjx-companies/marketcap/,retrieved from website (31-07-2026 21:01 UTC)
union-pacific,Union Pacific,UNP,173540000000,$173.54 B,live,"Jul 31st, 2026",2026-08-01T07:08:05.767Z,https://companiesmarketcap.com/union-pacific-corporation/marketcap/,retrieved from website (31-07-2026 21:01 UTC)
boeing,Boeing,BA,170700000000,$170.70 B,live,"Jul 31st, 2026",2026-08-01T07:08:05.767Z,https://companiesmarketcap.com/boeing/marketcap/,retrieved from website (31-07-2026 21:01 UTC)
welltower,Welltower,WELL,168930000000,$168.93 B,live,"Jul 31st, 2026",2026-08-01T07:08:05.767Z,https://companiesmarketcap.com/welltower/marketcap/,retrieved from website (31-07-2026 21:01 UTC)
walt-disney,Walt Disney,DIS,167030000000,$167.03 B,live,"Jul 31st, 2026",2026-08-01T07:08:05.767Z,https://companiesmarketcap.com/walt-disney/marketcap/,retrieved from website (31-07-2026 21:01 UTC)
gilead-sciences,Gilead Sciences,GILD,161660000000,$161.66 B,live,"Jul 31st, 2026",2026-08-01T07:08:05.767Z,https://companiesmarketcap.com/gilead-sciences/marketcap/,retrieved from website (31-07-2026 21:01 UTC)
eaton,Eaton,ETN,161220000000,$161.22 B,live,"Jul 31st, 2026",2026-08-01T07:08:05.767Z,https://companiesmarketcap.com/eaton/marketcap/,retrieved from website (31-07-2026 21:01 UTC)
deere-company,Deere & Company,DE,160080000000,$160.08 B,live,"Jul 31st, 2026",2026-08-01T07:08:05.767Z,https://companiesmarketcap.com/deere-company/marketcap/,retrieved from website (31-07-2026 21:01 UTC)
blackstone,Blackstone,BX,158990000000,$158.99 B,live,"Jul 31st, 2026",2026-08-01T07:08:05.767Z,https://companiesmarketcap.com/blackstone-group/marketcap/,retrieved from website (31-07-2026 21:01 UTC)
qualcomm,Qualcomm,QCOM,154990000000,$154.99 B,live,"Jul 31st, 2026",2026-08-01T07:08:05.767Z,https://companiesmarketcap.com/qualcomm/marketcap/,retrieved from website (31-07-2026 21:01 UTC)
salesforce,Salesforce,CRM,150710000000,$150.71 B,live,"Jul 31st, 2026",2026-08-01T07:08:05.767Z,https://companiesmarketcap.com/salesforce/marketcap/,retrieved from website (31-07-2026 21:01 UTC)
booking-holdings,Booking Holdings,BKNG,149470000000,$149.47 B,live,"Jul 31st, 2026",2026-08-01T07:08:05.767Z,https://companiesmarketcap.com/booking-holdings/marketcap/,retrieved from website (31-07-2026 21:01 UTC)
conocophillips,ConocoPhillips,COP,146780000000,$146.78 B,live,"Jul 31st, 2026",2026-08-01T07:08:05.767Z,https://companiesmarketcap.com/conocophillips/marketcap/,retrieved from website (31-07-2026 21:01 UTC)
uber-technologies,Uber Technologies,UBER,143220000000,$143.22 B,live,"Jul 31st, 2026",2026-08-01T07:08:05.767Z,https://companiesmarketcap.com/uber/marketcap/,retrieved from website (31-07-2026 21:01 UTC)
pfizer,Pfizer,PFE,142540000000,$142.54 B,live,"Jul 31st, 2026",2026-08-01T07:08:05.767Z,https://companiesmarketcap.com/pfizer/marketcap/,retrieved from website (31-07-2026 21:01 UTC)
prologis,Prologis,PLD,138070000000,$138.07 B,live,"Jul 31st, 2026",2026-08-01T07:08:05.767Z,https://companiesmarketcap.com/prologis/marketcap/,retrieved from website (31-07-2026 21:01 UTC)
danaher,Danaher,DHR,137060000000,$137.06 B,live,"Jul 31st, 2026",2026-08-01T07:08:05.767Z,https://companiesmarketcap.com/danaher/marketcap/,retrieved from website (31-07-2026 21:01 UTC)
chubb,Chubb,CB,135290000000,$135.29 B,live,"Jul 31st, 2026",2026-08-01T07:08:05.767Z,https://companiesmarketcap.com/chubb/marketcap/,retrieved from website (31-07-2026 21:01 UTC)
lockheed-martin,Lockheed Martin,LMT,134490000000,$134.49 B,live,"Jul 31st, 2026",2026-08-01T07:08:05.767Z,https://companiesmarketcap.com/lockheed-martin/marketcap/,retrieved from website (31-07-2026 21:01 UTC)
bristol-myers-squibb,Bristol Myers Squibb,BMY,133360000000,$133.36 B,live,"Jul 31st, 2026",2026-08-01T07:08:05.767Z,https://companiesmarketcap.com/bristol-myers-squibb/marketcap/,retrieved from website (31-07-2026 21:01 UTC)
cvs-health,CVS Health,CVS,133240000000,$133.24 B,live,"Jul 31st, 2026",2026-08-01T07:08:05.767Z,https://companiesmarketcap.com/cvs-health/marketcap/,retrieved from website (31-07-2026 21:01 UTC)
capital-one-financial,Capital One Financial,COF,128220000000,$128.22 B,live,"Jul 31st, 2026",2026-08-01T07:08:05.767Z,https://companiesmarketcap.com/capital-one/marketcap/,retrieved from website (31-07-2026 21:01 UTC)
intuitive-surgical,Intuitive Surgical,ISRG,126590000000,$126.59 B,live,"Jul 31st, 2026",2026-08-01T07:08:05.767Z,https://companiesmarketcap.com/intuitive-surgical/marketcap/,retrieved from website (31-07-2026 21:01 UTC)
parker-hannifin,Parker-Hannifin,PH,123120000000,$123.12 B,live,"Jul 31st, 2026",2026-08-01T07:08:05.767Z,https://companiesmarketcap.com/parker-hannifin/marketcap/,retrieved from website (31-07-2026 21:01 UTC)
progressive,Progressive,PGR,122910000000,$122.91 B,live,"Jul 31st, 2026",2026-08-01T07:08:05.767Z,https://companiesmarketcap.com/progressive/marketcap/,retrieved from website (31-07-2026 21:01 UTC)
sp-global,S&P Global,SPGI,121430000000,$121.43 B,live,"Jul 31st, 2026",2026-08-01T07:08:05.767Z,https://companiesmarketcap.com/sp-global/marketcap/,retrieved from website (31-07-2026 21:01 UTC)
vertex-pharmaceuticals,Vertex Pharmaceuticals,VRTX,121090000000,$121.09 B,live,"Jul 31st, 2026",2026-08-01T07:08:05.767Z,https://companiesmarketcap.com/vertex-pharmaceuticals/marketcap/,retrieved from website (31-07-2026 21:01 UTC)
stryker,Stryker,SYK,120870000000,$120.9 B,published-fallback,2026-05-27,2026-08-01T07:08:05.767Z,https://companiesmarketcap.com/stryker/marketcap/,Live fetch failed; used the latest published market-cap metric instead. Received 404 Not Found
starbucks,Starbucks,SBUX,119980000000,$119.98 B,live,"Jul 31st, 2026",2026-08-01T07:08:05.767Z,https://companiesmarketcap.com/starbucks/marketcap/,retrieved from website (31-07-2026 21:01 UTC)
corning,Corning,GLW,118840000000,$118.84 B,live,"Jul 31st, 2026",2026-08-01T07:08:05.767Z,https://companiesmarketcap.com/corning/marketcap/,retrieved from website (31-07-2026 21:01 UTC)
lowes-companies,Lowe's Companies,LOW,116580000000,$116.58 B,live,"Jul 31st, 2026",2026-08-01T07:08:05.767Z,https://companiesmarketcap.com/lowes-companies/marketcap/,retrieved from website (31-07-2026 21:01 UTC)
servicenow,ServiceNow,NOW,114990000000,$114.99 B,live,"Jul 31st, 2026",2026-08-01T07:08:05.767Z,https://companiesmarketcap.com/servicenow/marketcap/,retrieved from website (31-07-2026 21:01 UTC)
altria-group,Altria Group,MO,114090000000,$114.09 B,live,"Jul 31st, 2026",2026-08-01T07:08:05.767Z,https://companiesmarketcap.com/altria-group/marketcap/,retrieved from website (31-07-2026 21:01 UTC)
howmet-aerospace,Howmet Aerospace,HWM,112930000000,$112.93 B,live,"Jul 31st, 2026",2026-08-01T07:08:05.767Z,https://companiesmarketcap.com/howmet-aerospace/marketcap/,retrieved from website (31-07-2026 21:01 UTC)
medtronic,Medtronic,MDT,109300000000,$109.30 B,live,"Jul 31st, 2026",2026-08-01T07:08:05.767Z,https://companiesmarketcap.com/medtronic/marketcap/,retrieved from website (31-07-2026 21:01 UTC)
southern-company,Southern Company,SO,108750000000,$108.75 B,live,"Jul 31st, 2026",2026-08-01T07:08:05.767Z,https://companiesmarketcap.com/southern-company/marketcap/,retrieved from website (31-07-2026 21:01 UTC)
automatic-data-processing,Automatic Data Processing,ADP,105990000000,$105.99 B,live,"Jul 31st, 2026",2026-08-01T07:08:05.767Z,https://companiesmarketcap.com/automatic-data-processing/marketcap/,retrieved from website (31-07-2026 21:01 UTC)
general-dynamics,General Dynamics,GD,103730000000,$103.73 B,live,"Jul 31st, 2026",2026-08-01T07:08:05.767Z,https://companiesmarketcap.com/general-dynamics/marketcap/,retrieved from website (31-07-2026 21:01 UTC)
accenture,Accenture,ACN,101530000000,$101.53 B,live,"Jul 31st, 2026",2026-08-01T07:08:05.767Z,https://companiesmarketcap.com/accenture/marketcap/,retrieved from website (31-07-2026 21:01 UTC)
equinix,Equinix,EQIX,100570000000,$100.57 B,live,"Jul 31st, 2026",2026-08-01T07:08:05.767Z,https://companiesmarketcap.com/equinix/marketcap/,retrieved from website (31-07-2026 21:01 UTC)
trane-technologies,Trane Technologies,TT,100560000000,$100.56 B,live,"Jul 31st, 2026",2026-08-01T07:08:05.767Z,https://companiesmarketcap.com/trane-technologies/marketcap/,retrieved from website (31-07-2026 21:01 UTC)
mckesson,McKesson,MCK,100240000000,$100.24 B,live,"Jul 31st, 2026",2026-08-01T07:08:05.767Z,https://companiesmarketcap.com/mckesson/marketcap/,retrieved from website (31-07-2026 21:01 UTC)
quanta-services,Quanta Services,PWR,100140000000,$100.14 B,live,"Jul 31st, 2026",2026-08-01T07:08:05.767Z,https://companiesmarketcap.com/quanta-services/marketcap/,retrieved from website (31-07-2026 21:01 UTC)
pnc-financial-services-group,PNC Financial Services Group,PNC,99690000000,$99.69 B,live,"Jul 31st, 2026",2026-08-01T07:08:05.767Z,https://companiesmarketcap.com/pnc-financial-services/marketcap/,retrieved from website (31-07-2026 21:01 UTC)
adobe,Adobe,ADBE,99530000000,$99.53 B,live,"Jul 31st, 2026",2026-08-01T07:08:05.767Z,https://companiesmarketcap.com/adobe/marketcap/,retrieved from website (31-07-2026 21:01 UTC)
cloudflare,Cloudflare,NET,99020000000,$99.02 B,live,"Jul 31st, 2026",2026-08-01T07:08:05.767Z,https://companiesmarketcap.com/cloudflare/marketcap/,retrieved from website (31-07-2026 21:01 UTC)
newmont,Newmont,NEM,98740000000,$98.74 B,live,"Jul 31st, 2026",2026-08-01T07:08:05.767Z,https://companiesmarketcap.com/newmont/marketcap/,retrieved from website (31-07-2026 21:01 UTC)
us-bancorp,U.S. Bancorp,USB,98150000000,$98.15 B,live,"Jul 31st, 2026",2026-08-01T07:08:05.767Z,https://companiesmarketcap.com/us-bancorp/marketcap/,retrieved from website (31-07-2026 21:01 UTC)
duke-energy,Duke Energy,DUK,97780000000,$97.78 B,live,"Jul 31st, 2026",2026-08-01T07:08:05.767Z,https://companiesmarketcap.com/duke-energy/marketcap/,retrieved from website (31-07-2026 21:01 UTC)
marriott-international,Marriott International,MAR,97340000000,$97.34 B,published-fallback,2026-05-27,2026-08-01T07:08:05.767Z,https://companiesmarketcap.com/marriott/marketcap/,Live fetch failed; used the latest published market-cap metric instead. Received 404 Not Found
cme-group,CME Group,CME,96290000000,$96.29 B,live,"Jul 31st, 2026",2026-08-01T07:08:05.767Z,https://companiesmarketcap.com/cme-group/marketcap/,retrieved from website (31-07-2026 21:01 UTC)
monster-beverage,Monster Beverage,MNST,94260000000,$94.26 B,live,"Jul 31st, 2026",2026-08-01T07:08:05.767Z,https://companiesmarketcap.com/monster-beverage/marketcap/,retrieved from website (31-07-2026 21:01 UTC)
bank-of-new-york-mellon,Bank of New York Mellon,BK,94140000000,$94.14 B,live,August 2026,2026-08-01T07:08:05.767Z,https://companiesmarketcap.com/bny-mellon/marketcap/,
constellation-energy,Constellation Energy,CEG,93820000000,$93.82 B,live,"Jul 31st, 2026",2026-08-01T07:08:05.767Z,https://companiesmarketcap.com/constellation-energy/marketcap/,retrieved from website (31-07-2026 21:01 UTC)
cadence-design-systems,Cadence Design Systems,CDNS,93780000000,$93.78 B,live,"Jul 31st, 2026",2026-08-01T07:08:05.767Z,https://companiesmarketcap.com/cadence-design-systems/marketcap/,retrieved from website (31-07-2026 21:01 UTC)
marathon-petroleum,Marathon Petroleum,MPC,92380000000,$92.38 B,live,"Jul 31st, 2026",2026-08-01T07:08:05.767Z,https://companiesmarketcap.com/marathon-petroleum/marketcap/,retrieved from website (31-07-2026 21:01 UTC)
3m,3M,MMM,90910000000,$90.91 B,live,"Jul 31st, 2026",2026-08-01T07:08:05.767Z,https://companiesmarketcap.com/3m/marketcap/,retrieved from website (31-07-2026 21:01 UTC)
waste-management,Waste Management,WM,90550000000,$90.55 B,live,"Jul 31st, 2026",2026-08-01T07:08:05.767Z,https://companiesmarketcap.com/waste-management/marketcap/,retrieved from website (31-07-2026 21:01 UTC)
marsh-mclennan,Marsh & McLennan,MMC,90520000000,$90.52 B,live,"Jul 31st, 2026",2026-08-01T07:08:05.767Z,https://companiesmarketcap.com/marsh-and-mclennan-companies/marketcap/,retrieved from website (31-07-2026 21:01 UTC)
freeport-mcmoran,Freeport-McMoRan,FCX,90030000000,$90.03 B,live,"Jul 31st, 2026",2026-08-01T07:08:05.767Z,https://companiesmarketcap.com/freeport-mcmoran/marketcap/,retrieved from website (31-07-2026 21:01 UTC)
hca-healthcare,HCA Healthcare,HCA,89310000000,$89.31 B,live,"Jul 31st, 2026",2026-08-01T07:08:05.767Z,https://companiesmarketcap.com/hca-healthcare/marketcap/,retrieved from website (31-07-2026 21:01 UTC)
johnson-controls-international,Johnson Controls International,JCI,88830000000,$88.83 B,live,"Jul 31st, 2026",2026-08-01T07:08:05.767Z,https://companiesmarketcap.com/johnson-controls/marketcap/,retrieved from website (31-07-2026 21:01 UTC)
cummins,Cummins,CMI,87510000000,$87.51 B,live,"Jul 31st, 2026",2026-08-01T07:08:05.767Z,https://companiesmarketcap.com/cummins/marketcap/,retrieved from website (31-07-2026 21:01 UTC)
williams-companies,Williams Companies,WMB,87490000000,$87.49 B,live,"Jul 31st, 2026",2026-08-01T07:08:05.767Z,https://companiesmarketcap.com/williams-companies/marketcap/,retrieved from website (31-07-2026 21:01 UTC)
intuit,Intuit,INTU,86450000000,$86.45 B,live,"Jul 31st, 2026",2026-08-01T07:08:05.767Z,https://companiesmarketcap.com/intuit/marketcap/,retrieved from website (31-07-2026 21:01 UTC)
intercontinental-exchange,Intercontinental Exchange,ICE,86220000000,$86.22 B,live,"Jul 31st, 2026",2026-08-01T07:08:05.767Z,https://companiesmarketcap.com/intercontinental-exchange/marketcap/,retrieved from website (31-07-2026 21:01 UTC)
doordash,DoorDash,DASH,85470000000,$85.47 B,live,"Jul 31st, 2026",2026-08-01T07:08:05.767Z,https://companiesmarketcap.com/doordash/marketcap/,retrieved from website (31-07-2026 21:01 UTC)
royal-caribbean-group,Royal Caribbean Group,RCL,85120000000,$85.12 B,live,"Jul 31st, 2026",2026-08-01T07:08:05.767Z,https://companiesmarketcap.com/royal-caribbean/marketcap/,retrieved from website (31-07-2026 21:01 UTC)
comcast,Comcast,CMCSA,85020000000,$85.02 B,live,"Jul 31st, 2026",2026-08-01T07:08:05.767Z,https://companiesmarketcap.com/comcast/marketcap/,retrieved from website (31-07-2026 21:01 UTC)
phillips-66,Phillips 66,PSX,84860000000,$84.86 B,live,"Jul 31st, 2026",2026-08-01T07:08:05.767Z,https://companiesmarketcap.com/phillips-66/marketcap/,retrieved from website (31-07-2026 21:01 UTC)
csx,CSX,CSX,84580000000,$84.58 B,published-fallback,2026-05-29,2026-08-01T07:08:05.767Z,https://companiesmarketcap.com/csx/marketcap/,Live fetch failed; used the latest published market-cap metric instead. Received 404 Not Found
kkr,KKR,KKR,84440000000,$84.44 B,published-fallback,2026-05-29,2026-08-01T07:08:05.767Z,https://companiesmarketcap.com/kkr/marketcap/,Live fetch failed; used the latest published market-cap metric instead. Received 404 Not Found
emerson-electric,Emerson Electric,EMR,83910000000,$83.91 B,live,"Jul 31st, 2026",2026-08-01T07:08:05.767Z,https://companiesmarketcap.com/emerson/marketcap/,retrieved from website (31-07-2026 21:01 UTC)
moodys-corporation,Moody's Corporation,MCO,82840000000,$82.84 B,live,"Jul 31st, 2026",2026-08-01T07:08:05.767Z,https://companiesmarketcap.com/moodys/marketcap/,retrieved from website (31-07-2026 21:01 UTC)
sherwin-williams,Sherwin-Williams,SHW,82740000000,$82.74 B,live,"Jul 31st, 2026",2026-08-01T07:08:05.767Z,https://companiesmarketcap.com/sherwin-williams/marketcap/,retrieved from website (31-07-2026 21:01 UTC)
illinois-tool-works,Illinois Tool Works,ITW,82550000000,$82.55 B,live,"Jul 31st, 2026",2026-08-01T07:08:05.767Z,https://companiesmarketcap.com/illinois-tool-works/marketcap/,retrieved from website (31-07-2026 21:01 UTC)
cintas,Cintas,CTAS,81880000000,$81.88 B,live,"Jul 31st, 2026",2026-08-01T07:08:05.767Z,https://companiesmarketcap.com/cintas/marketcap/,retrieved from website (31-07-2026 21:01 UTC)
elevance-health,Elevance Health,ELV,81500000000,$81.50 B,live,"Jul 31st, 2026",2026-08-01T07:08:05.767Z,https://companiesmarketcap.com/elevance-health/marketcap/,retrieved from website (31-07-2026 21:01 UTC)
american-tower,American Tower,AMT,80770000000,$80.77 B,live,"Jul 31st, 2026",2026-08-01T07:08:05.767Z,https://companiesmarketcap.com/american-tower/marketcap/,retrieved from website (31-07-2026 21:01 UTC)
ross-stores,Ross Stores,ROST,80530000000,$80.53 B,live,"Jul 31st, 2026",2026-08-01T07:08:05.767Z,https://companiesmarketcap.com/ross-stores/marketcap/,retrieved from website (31-07-2026 21:01 UTC)
general-motors,General Motors,GM,80360000000,$80.36 B,live,"Jul 31st, 2026",2026-08-01T07:08:05.767Z,https://companiesmarketcap.com/general-motors/marketcap/,retrieved from website (31-07-2026 21:01 UTC)
mondelez-international,Mondelez International,MDLZ,79980000000,$79.98 B,live,"Jul 31st, 2026",2026-08-01T07:08:05.767Z,https://companiesmarketcap.com/mondelez/marketcap/,retrieved from website (31-07-2026 21:01 UTC)
eog-resources,EOG Resources,EOG,79190000000,$79.19 B,live,"Jul 31st, 2026",2026-08-01T07:08:05.767Z,https://companiesmarketcap.com/eog-resources/marketcap/,retrieved from website (31-07-2026 21:01 UTC)
regeneron-pharmaceuticals,Regeneron Pharmaceuticals,REGN,78510000000,$78.51 B,live,"Jul 31st, 2026",2026-08-01T07:08:05.767Z,https://companiesmarketcap.com/regeneron-pharmaceuticals/marketcap/,retrieved from website (31-07-2026 21:01 UTC)
ecolab,Ecolab,ECL,78130000000,$78.13 B,live,"Jul 31st, 2026",2026-08-01T07:08:05.767Z,https://companiesmarketcap.com/ecolab/marketcap/,retrieved from website (31-07-2026 21:01 UTC)
northrop-grumman,Northrop Grumman,NOC,77060000000,$77.06 B,live,"Jul 31st, 2026",2026-08-01T07:08:05.767Z,https://companiesmarketcap.com/northrop-grumman/marketcap/,retrieved from website (31-07-2026 21:01 UTC)
honeywell-international,Honeywell International,HON,77030000000,$77.03 B,live,"Jul 31st, 2026",2026-08-01T07:08:05.767Z,https://companiesmarketcap.com/honeywell/marketcap/,retrieved from website (31-07-2026 21:01 UTC)
aon,Aon,AON,76480000000,$76.48 B,live,"Jul 31st, 2026",2026-08-01T07:08:05.767Z,https://companiesmarketcap.com/aon/marketcap/,retrieved from website (31-07-2026 21:01 UTC)
oreilly-automotive,O'Reilly Automotive,ORLY,76030000000,$76.03 B,published-fallback,2026-05-29,2026-08-01T07:08:05.767Z,https://companiesmarketcap.com/oreilly-automotive/marketcap/,Live fetch failed; used the latest published market-cap metric instead. Received 404 Not Found
norfolk-southern,Norfolk Southern,NSC,75350000000,$75.35 B,live,"Jul 31st, 2026",2026-08-01T07:08:05.767Z,https://companiesmarketcap.com/norfolk-southern/marketcap/,retrieved from website (31-07-2026 21:01 UTC)
synopsys,Synopsys,SNPS,74430000000,$74.43 B,live,"Jul 31st, 2026",2026-08-01T07:08:05.767Z,https://companiesmarketcap.com/synopsys/marketcap/,retrieved from website (31-07-2026 21:01 UTC)
cigna,Cigna,CI,73810000000,$73.81 B,live,"Jul 31st, 2026",2026-08-01T07:08:05.767Z,https://companiesmarketcap.com/cigna/marketcap/,retrieved from website (31-07-2026 21:01 UTC)
slb,SLB,SLB,73590000000,$73.59 B,live,"Jul 31st, 2026",2026-08-01T07:08:05.767Z,https://companiesmarketcap.com/schlumberger/marketcap/,retrieved from website (31-07-2026 21:01 UTC)
valero-energy,Valero Energy,VLO,73330000000,$73.33 B,published-fallback,2026-06-01,2026-08-01T07:08:05.767Z,https://companiesmarketcap.com/valero-energy/marketcap/,Live fetch failed; used the latest published market-cap metric instead. Received 404 Not Found
hilton-worldwide-holdings,Hilton Worldwide Holdings,HLT,73090000000,$73.09 B,published-fallback,2026-06-01,2026-08-01T07:08:05.767Z,https://companiesmarketcap.com/hilton-worldwide-holdings/marketcap/,Live fetch failed; used the latest published market-cap metric instead. Received 404 Not Found
colgate-palmolive,Colgate-Palmolive,CL,73050000000,$73.05 B,live,"Jul 31st, 2026",2026-08-01T07:08:05.767Z,https://companiesmarketcap.com/colgate-palmolive/marketcap/,retrieved from website (31-07-2026 21:01 UTC)
fedex,FedEx,FDX,72720000000,$72.72 B,live,"Jul 31st, 2026",2026-08-01T07:08:05.767Z,https://companiesmarketcap.com/fedex/marketcap/,retrieved from website (31-07-2026 21:01 UTC)
motorola-solutions,Motorola Solutions,MSI,72330000000,$72.33 B,live,"Jul 31st, 2026",2026-08-01T07:08:05.767Z,https://companiesmarketcap.com/motorola-solutions/marketcap/,retrieved from website (31-07-2026 21:01 UTC)
kinder-morgan,Kinder Morgan,KMI,71590000000,$71.59 B,live,"Jul 31st, 2026",2026-08-01T07:08:05.767Z,https://companiesmarketcap.com/kinder-morgan/marketcap/,retrieved from website (31-07-2026 21:01 UTC)
transdigm-group,TransDigm Group,TDG,70380000000,$70.38 B,published-fallback,2026-06-01,2026-08-01T07:08:05.767Z,https://companiesmarketcap.com/transdigm-group/marketcap/,Live fetch failed; used the latest published market-cap metric instead. Received 404 Not Found
monolithic-power-systems,Monolithic Power Systems,MPWR,70060000000,$70.06 B,live,"Jul 31st, 2026",2026-08-01T07:08:05.767Z,https://companiesmarketcap.com/monolithic-power-systems/marketcap/,retrieved from website (31-07-2026 21:01 UTC)
paccar,PACCAR,PCAR,69830000000,$69.83 B,live,"Jul 31st, 2026",2026-08-01T07:08:05.767Z,https://companiesmarketcap.com/paccar/marketcap/,retrieved from website (31-07-2026 21:01 UTC)
american-electric-power,American Electric Power,AEP,69560000000,$69.56 B,live,"Jul 31st, 2026",2026-08-01T07:08:05.767Z,https://companiesmarketcap.com/american-electric-power/marketcap/,retrieved from website (31-07-2026 21:01 UTC)
boston-scientific,Boston Scientific,BSX,69450000000,$69.45 B,live,"Jul 31st, 2026",2026-08-01T07:08:05.767Z,https://companiesmarketcap.com/boston-scientific/marketcap/,retrieved from website (31-07-2026 21:01 UTC)
allstate,Allstate,ALL,67970000000,$67.97 B,live,"Jul 31st, 2026",2026-08-01T07:08:05.767Z,https://companiesmarketcap.com/allstate/marketcap/,retrieved from website (31-07-2026 21:01 UTC)
united-rentals,United Rentals,URI,67170000000,$67.17 B,live,"Jul 31st, 2026",2026-08-01T07:08:05.767Z,https://companiesmarketcap.com/united-rentals/marketcap/,retrieved from website (31-07-2026 21:01 UTC)
warner-bros-discovery,Warner Bros. Discovery,WBD,65930000000,$65.93 B,live,"Jul 31st, 2026",2026-08-01T07:08:05.767Z,https://companiesmarketcap.com/warner-bros-discovery/marketcap/,retrieved from website (31-07-2026 21:01 UTC)
air-products-and-chemicals,Air Products and Chemicals,APD,65660000000,$65.66 B,live,"Jul 31st, 2026",2026-08-01T07:08:05.767Z,https://companiesmarketcap.com/air-products-and-chemicals/marketcap/,retrieved from website (31-07-2026 21:01 UTC)
target,Target,TGT,65620000000,$65.62 B,live,"Jul 31st, 2026",2026-08-01T07:08:05.767Z,https://companiesmarketcap.com/target/marketcap/,retrieved from website (31-07-2026 21:01 UTC)
travelers-companies,Travelers Companies,TRV,65160000000,$65.16 B,published-fallback,2026-06-01,2026-08-01T07:08:05.767Z,https://companiesmarketcap.com/travelers-companies/marketcap/,Live fetch failed; used the latest published market-cap metric instead. Received 404 Not Found
aflac,Aflac,AFL,64880000000,$64.88 B,live,"Jul 31st, 2026",2026-08-01T07:08:05.767Z,https://companiesmarketcap.com/aflac/marketcap/,retrieved from website (31-07-2026 21:01 UTC)
republic-services,Republic Services,RSG,64770000000,$64.77 B,live,"Jul 31st, 2026",2026-08-01T07:08:05.767Z,https://companiesmarketcap.com/republic-services/marketcap/,retrieved from website (31-07-2026 21:01 UTC)
hewlett-packard-enterprise,Hewlett Packard Enterprise,HPE,63420000000,$63.42 B,live,"Jul 31st, 2026",2026-08-01T07:08:05.767Z,https://companiesmarketcap.com/hewlett-packard-enterprise/marketcap/,retrieved from website (31-07-2026 21:01 UTC)
truist-financial,Truist Financial,TFC,63320000000,$63.32 B,live,"Jul 31st, 2026",2026-08-01T07:08:05.767Z,https://companiesmarketcap.com/truist-financial/marketcap/,retrieved from website (31-07-2026 21:01 UTC)
metlife,MetLife,MET,61850000000,$61.85 B,live,"Jul 31st, 2026",2026-08-01T07:08:05.767Z,https://companiesmarketcap.com/metlife/marketcap/,retrieved from website (31-07-2026 21:01 UTC)
dominion-energy,Dominion Energy,D,60830000000,$60.83 B,live,"Jul 31st, 2026",2026-08-01T07:08:05.767Z,https://companiesmarketcap.com/dominion-energy/marketcap/,retrieved from website (31-07-2026 21:01 UTC)
cencora,Cencora,COR,60570000000,$60.57 B,live,"Jul 31st, 2026",2026-08-01T07:08:05.767Z,https://companiesmarketcap.com/cencora/marketcap/,retrieved from website (31-07-2026 21:01 UTC)
public-storage,Public Storage,PSA,60530000000,$60.53 B,live,"Jul 31st, 2026",2026-08-01T07:08:05.767Z,https://companiesmarketcap.com/public-storage/marketcap/,retrieved from website (31-07-2026 21:01 UTC)
baker-hughes,Baker Hughes,BKR,60040000000,$60.04 B,live,"Jul 31st, 2026",2026-08-01T07:08:05.767Z,https://companiesmarketcap.com/baker-hughes/marketcap/,retrieved from website (31-07-2026 21:01 UTC)
te-connectivity,TE Connectivity,TEL,59630000000,$59.63 B,live,"Jul 31st, 2026",2026-08-01T07:08:05.767Z,https://companiesmarketcap.com/te-connectivity/marketcap/,retrieved from website (31-07-2026 21:01 UTC)
realty-income,Realty Income,O,59550000000,$59.55 B,live,"Jul 31st, 2026",2026-08-01T07:08:05.767Z,https://companiesmarketcap.com/realty-income/marketcap/,retrieved from website (31-07-2026 21:01 UTC)
ww-grainger,W.W. Grainger,GWW,58910000000,$58.91 B,published-fallback,2026-06-01,2026-08-01T07:08:05.767Z,https://companiesmarketcap.com/w-w-grainger/marketcap/,Live fetch failed; used the latest published market-cap metric instead. Received 404 Not Found
nucor,Nucor,NUE,58590000000,$58.59 B,live,"Jul 31st, 2026",2026-08-01T07:08:05.767Z,https://companiesmarketcap.com/nucor/marketcap/,retrieved from website (31-07-2026 21:01 UTC)
targa-resources,Targa Resources,TRGP,58030000000,$58.03 B,live,"Jul 31st, 2026",2026-08-01T07:08:05.767Z,https://companiesmarketcap.com/targa-resources/marketcap/,retrieved from website (31-07-2026 21:01 UTC)
sempra,Sempra,SRE,57880000000,$57.88 B,live,"Jul 31st, 2026",2026-08-01T07:08:05.767Z,https://companiesmarketcap.com/sempra-energy/marketcap/,retrieved from website (31-07-2026 21:01 UTC)
nxp-semiconductors,NXP Semiconductors,NXPI,57780000000,$57.78 B,live,"Jul 31st, 2026",2026-08-01T07:08:05.767Z,https://companiesmarketcap.com/nxp-semiconductors/marketcap/,retrieved from website (31-07-2026 21:01 UTC)
teradyne,Teradyne,TER,57550000000,$57.55 B,live,"Jul 31st, 2026",2026-08-01T07:08:05.767Z,https://companiesmarketcap.com/teradyne/marketcap/,retrieved from website (31-07-2026 21:01 UTC)
delta-air-lines,Delta Air Lines,DAL,57500000000,$57.50 B,live,"Jul 31st, 2026",2026-08-01T07:08:05.767Z,https://companiesmarketcap.com/delta-air-lines/marketcap/,retrieved from website (31-07-2026 21:01 UTC)
oneok,ONEOK,OKE,57210000000,$57.21 B,live,"Jul 31st, 2026",2026-08-01T07:08:05.767Z,https://companiesmarketcap.com/oneok/marketcap/,retrieved from website (31-07-2026 21:01 UTC)
diamondback-energy,Diamondback Energy,FANG,57090000000,$57.09 B,live,"Jul 31st, 2026",2026-08-01T07:08:05.767Z,https://companiesmarketcap.com/diamondback-energy/marketcap/,retrieved from website (31-07-2026 21:01 UTC)
occidental-petroleum,Occidental Petroleum,OXY,56760000000,$56.76 B,live,"Jul 31st, 2026",2026-08-01T07:08:05.767Z,https://companiesmarketcap.com/occidental-petroleum/marketcap/,retrieved from website (31-07-2026 21:01 UTC)
garmin,Garmin,GRMN,56650000000,$56.65 B,live,"Jul 31st, 2026",2026-08-01T07:08:05.767Z,https://companiesmarketcap.com/garmin/marketcap/,retrieved from website (31-07-2026 21:01 UTC)
ametek,AMETEK,AME,55400000000,$55.40 B,live,"Jul 31st, 2026",2026-08-01T07:08:05.767Z,https://companiesmarketcap.com/ametek/marketcap/,retrieved from website (31-07-2026 21:01 UTC)
fastenal,Fastenal,FAST,54740000000,$54.74 B,live,"Jul 31st, 2026",2026-08-01T07:08:05.767Z,https://companiesmarketcap.com/fastenal/marketcap/,retrieved from website (31-07-2026 21:01 UTC)
keysight-technologies,Keysight Technologies,KEYS,54520000000,$54.52 B,live,"Jul 31st, 2026",2026-08-01T07:08:05.767Z,https://companiesmarketcap.com/keysight/marketcap/,retrieved from website (31-07-2026 21:01 UTC)
cardinal-health,Cardinal Health,CAH,53870000000,$53.87 B,live,"Jul 31st, 2026",2026-08-01T07:08:05.767Z,https://companiesmarketcap.com/cardinal-health/marketcap/,retrieved from website (31-07-2026 21:01 UTC)
rockwell-automation,Rockwell Automation,ROK,53420000000,$53.42 B,live,"Jul 31st, 2026",2026-08-01T07:08:05.767Z,https://companiesmarketcap.com/rockwell-automation/marketcap/,retrieved from website (31-07-2026 21:01 UTC)
nasdaq,Nasdaq,NDAQ,52650000000,$52.65 B,live,"Jul 31st, 2026",2026-08-01T07:08:05.767Z,https://companiesmarketcap.com/nasdaq/marketcap/,retrieved from website (31-07-2026 21:01 UTC)
corteva,Corteva,CTVA,52640000000,$52.64 B,live,"Jul 31st, 2026",2026-08-01T07:08:05.767Z,https://companiesmarketcap.com/corteva/marketcap/,retrieved from website (31-07-2026 21:01 UTC)
electronic-arts,Electronic Arts,EA,52620000000,$52.62 B,live,"Jul 31st, 2026",2026-08-01T07:08:05.767Z,https://companiesmarketcap.com/electronic-arts/marketcap/,retrieved from website (31-07-2026 21:01 UTC)
arthur-j-gallagher,Arthur J. Gallagher,AJG,52420000000,$52.42 B,published-fallback,2026-06-02,2026-08-01T07:08:05.767Z,https://companiesmarketcap.com/arthur-j-gallagher/marketcap/,Live fetch failed; used the latest published market-cap metric instead. Received 404 Not Found
devon-energy,Devon Energy,DVN,52050000000,$52.05 B,live,"Jul 31st, 2026",2026-08-01T07:08:05.767Z,https://companiesmarketcap.com/devon-energy/marketcap/,retrieved from website (31-07-2026 21:01 UTC)
l3harris-technologies,L3Harris Technologies,LHX,51610000000,$51.61 B,live,"Jul 31st, 2026",2026-08-01T07:08:05.767Z,https://companiesmarketcap.com/l3harris-technologies/marketcap/,retrieved from website (31-07-2026 21:01 UTC)
ebay,eBay,EBAY,50620000000,$50.62 B,live,"Jul 31st, 2026",2026-08-01T07:08:05.767Z,https://companiesmarketcap.com/ebay/marketcap/,retrieved from website (31-07-2026 21:01 UTC)
state-street,State Street,STT,50580000000,$50.58 B,live,"Jul 31st, 2026",2026-08-01T07:08:05.767Z,https://companiesmarketcap.com/state-street-corporation/marketcap/,retrieved from website (31-07-2026 21:01 UTC)
entergy,Entergy,ETR,50210000000,$50.21 B,live,"Jul 31st, 2026",2026-08-01T07:08:05.767Z,https://companiesmarketcap.com/entergy/marketcap/,retrieved from website (31-07-2026 21:01 UTC)
vistra,Vistra,VST,49960000000,$49.96 B,live,"Jul 31st, 2026",2026-08-01T07:08:05.767Z,https://companiesmarketcap.com/vistra/marketcap/,retrieved from website (31-07-2026 21:01 UTC)
edwards-lifesciences,Edwards Lifesciences,EW,49550000000,$49.55 B,live,"Jul 31st, 2026",2026-08-01T07:08:05.767Z,https://companiesmarketcap.com/edwards-lifesciences/marketcap/,retrieved from website (31-07-2026 21:01 UTC)
autodesk,Autodesk,ADSK,49450000000,$49.45 B,live,"Jul 31st, 2026",2026-08-01T07:08:05.767Z,https://companiesmarketcap.com/autodesk/marketcap/,retrieved from website (31-07-2026 21:01 UTC)
paypal,PayPal,PYPL,49310000000,$49.31 B,live,"Jul 31st, 2026",2026-08-01T07:08:05.767Z,https://companiesmarketcap.com/paypal/marketcap/,retrieved from website (31-07-2026 21:01 UTC)
autozone,AutoZone,AZO,49240000000,$49.24 B,live,"Jul 31st, 2026",2026-08-01T07:08:05.767Z,https://companiesmarketcap.com/autozone/marketcap/,retrieved from website (31-07-2026 21:01 UTC)
westinghouse-air-brake-technologies,Westinghouse Air Brake Technologies,WAB,49120000000,$49.12 B,live,"Jul 31st, 2026",2026-08-01T07:08:05.767Z,https://companiesmarketcap.com/wabtec/marketcap/,retrieved from website (31-07-2026 21:01 UTC)
xcel-energy,Xcel Energy,XEL,48810000000,$48.81 B,live,"Jul 31st, 2026",2026-08-01T07:08:05.767Z,https://companiesmarketcap.com/xcel-energy/marketcap/,retrieved from website (31-07-2026 21:01 UTC)
ameriprise-financial,Ameriprise Financial,AMP,48250000000,$48.25 B,live,"Jul 31st, 2026",2026-08-01T07:08:05.767Z,https://companiesmarketcap.com/ameriprise-financial/marketcap/,retrieved from website (31-07-2026 21:01 UTC)
ventas,Ventas,VTR,47960000000,$47.96 B,live,"Jul 31st, 2026",2026-08-01T07:08:05.767Z,https://companiesmarketcap.com/ventas/marketcap/,retrieved from website (31-07-2026 21:01 UTC)
exelon,Exelon,EXC,47300000000,$47.3 B,published-fallback,2026-06-02,2026-08-01T07:08:05.767Z,https://companiesmarketcap.com/exelon/marketcap/,Live fetch failed; used the latest published market-cap metric instead. Received 404 Not Found
chipotle-mexican-grill,Chipotle Mexican Grill,CMG,47180000000,$47.18 B,live,"Jul 31st, 2026",2026-08-01T07:08:05.767Z,https://companiesmarketcap.com/chipotle-mexican-grill/marketcap/,retrieved from website (31-07-2026 21:01 UTC)
becton-dickinson,Becton Dickinson,BDX,45630000000,$45.63 B,live,"Jul 31st, 2026",2026-08-01T07:08:05.767Z,https://companiesmarketcap.com/becton-dickinson/marketcap/,retrieved from website (31-07-2026 21:01 UTC)
old-dominion-freight-line,Old Dominion Freight Line,ODFL,44110000000,$44.11 B,live,"Jul 31st, 2026",2026-08-01T07:08:05.767Z,https://companiesmarketcap.com/old-dominion-freight-line/marketcap/,retrieved from website (31-07-2026 21:01 UTC)
idexx-laboratories,IDEXX Laboratories,IDXX,44100000000,$44.10 B,live,"Jul 31st, 2026",2026-08-01T07:08:05.767Z,https://companiesmarketcap.com/idexx-laboratories/marketcap/,retrieved from website (31-07-2026 21:01 UTC)
fifth-third-bancorp,Fifth Third Bancorp,FITB,44010000000,$44.01 B,published-fallback,2026-06-02,2026-08-01T07:08:05.767Z,https://companiesmarketcap.com/fifth-third-bancorp/marketcap/,Live fetch failed; used the latest published market-cap metric instead. Received 404 Not Found
humana,Humana,HUM,43690000000,$43.69 B,live,"Jul 31st, 2026",2026-08-01T07:08:05.767Z,https://companiesmarketcap.com/humana/marketcap/,retrieved from website (31-07-2026 21:01 UTC)
yum-brands,Yum! Brands,YUM,42760000000,$42.76 B,published-fallback,2026-06-02,2026-08-01T07:08:05.767Z,https://companiesmarketcap.com/yum-brands/marketcap/,Live fetch failed; used the latest published market-cap metric instead. Received 404 Not Found
axon-enterprise,Axon Enterprise,AXON,42530000000,$42.53 B,live,"Jul 31st, 2026",2026-08-01T07:08:05.767Z,https://companiesmarketcap.com/axon/marketcap/,retrieved from website (31-07-2026 21:01 UTC)
cbre-group,CBRE Group,CBRE,42510000000,$42.51 B,live,"Jul 31st, 2026",2026-08-01T07:08:05.767Z,https://companiesmarketcap.com/cbre-group/marketcap/,retrieved from website (31-07-2026 21:01 UTC)
prudential-financial,Prudential Financial,PRU,42400000000,$42.40 B,live,"Jul 31st, 2026",2026-08-01T07:08:05.767Z,https://companiesmarketcap.com/prudential-financial/marketcap/,retrieved from website (31-07-2026 21:01 UTC)
msci,MSCI,MSCI,41600000000,$41.60 B,live,"Jul 31st, 2026",2026-08-01T07:08:05.767Z,https://companiesmarketcap.com/msci/marketcap/,retrieved from website (31-07-2026 21:01 UTC)
paychex,Paychex,PAYX,41550000000,$41.55 B,live,"Jul 31st, 2026",2026-08-01T07:08:05.767Z,https://companiesmarketcap.com/paychex/marketcap/,retrieved from website (31-07-2026 21:01 UTC)
sysco,Sysco,SYY,40800000000,$40.80 B,live,"Jul 31st, 2026",2026-08-01T07:08:05.767Z,https://companiesmarketcap.com/sysco/marketcap/,retrieved from website (31-07-2026 21:01 UTC)
take-two-interactive-software,Take-Two Interactive Software,TTWO,40560000000,$40.56 B,published-fallback,2026-06-03,2026-08-01T07:08:05.767Z,https://companiesmarketcap.com/take-two-interactive-software/marketcap/,Live fetch failed; used the latest published market-cap metric instead. Received 404 Not Found
live-nation-entertainment,Live Nation Entertainment,LYV,40520000000,$40.52 B,live,"Jul 31st, 2026",2026-08-01T07:08:05.767Z,https://companiesmarketcap.com/live-nation/marketcap/,retrieved from website (31-07-2026 21:01 UTC)
microchip-technology,Microchip Technology,MCHP,40340000000,$40.34 B,live,"Jul 31st, 2026",2026-08-01T07:08:05.767Z,https://companiesmarketcap.com/microchip-technology/marketcap/,retrieved from website (31-07-2026 21:01 UTC)
consolidated-edison,Consolidated Edison,ED,40110000000,$40.11 B,live,"Jul 31st, 2026",2026-08-01T07:08:05.767Z,https://companiesmarketcap.com/consolidated-edison/marketcap/,retrieved from website (31-07-2026 21:01 UTC)
dr-horton,D.R. Horton,DHI,40010000000,$40.01 B,live,"Jul 31st, 2026",2026-08-01T07:08:05.767Z,https://companiesmarketcap.com/dr-horton/marketcap/,retrieved from website (31-07-2026 21:01 UTC)
united-airlines-holdings,United Airlines Holdings,UAL,39380000000,$39.38 B,live,"Jul 31st, 2026",2026-08-01T07:08:05.767Z,https://companiesmarketcap.com/united-airlines/marketcap/,retrieved from website (31-07-2026 21:01 UTC)
american-international-group,American International Group,AIG,39130000000,$39.13 B,published-fallback,2026-06-03,2026-08-01T07:08:05.767Z,https://companiesmarketcap.com/american-international-group/marketcap/,Live fetch failed; used the latest published market-cap metric instead. Received 404 Not Found
agilent-technologies,Agilent Technologies,A,39080000000,$39.08 B,live,"Jul 31st, 2026",2026-08-01T07:08:05.767Z,https://companiesmarketcap.com/agilent-technologies/marketcap/,retrieved from website (31-07-2026 21:01 UTC)
hartford-financial-services,Hartford Financial Services,HIG,38900000000,$38.90 B,live,"Jul 31st, 2026",2026-08-01T07:08:05.767Z,https://companiesmarketcap.com/the-hartford/marketcap/,retrieved from website (31-07-2026 21:01 UTC)
roper-technologies,Roper Technologies,ROP,38760000000,$38.76 B,live,"Jul 31st, 2026",2026-08-01T07:08:05.767Z,https://companiesmarketcap.com/roper-technologies/marketcap/,retrieved from website (31-07-2026 21:01 UTC)
iqvia-holdings,IQVIA Holdings,IQV,38680000000,$38.68 B,live,"Jul 31st, 2026",2026-08-01T07:08:05.767Z,https://companiesmarketcap.com/iqvia/marketcap/,retrieved from website (31-07-2026 21:01 UTC)
public-service-enterprise-group,Public Service Enterprise Group,PEG,38210000000,$38.21 B,live,"Jul 31st, 2026",2026-08-01T07:08:05.767Z,https://companiesmarketcap.com/pseg/marketcap/,retrieved from website (31-07-2026 21:01 UTC)
archer-daniels-midland,Archer-Daniels-Midland,ADM,38200000000,$38.20 B,live,"Jul 31st, 2026",2026-08-01T07:08:05.767Z,https://companiesmarketcap.com/archer-daniels-midland/marketcap/,retrieved from website (31-07-2026 21:01 UTC)
carnival,Carnival,CCL,38080000000,$38.08 B,live,"Jul 31st, 2026",2026-08-01T07:08:05.767Z,https://companiesmarketcap.com/carnival-cruise-line/marketcap/,retrieved from website (31-07-2026 21:01 UTC)
kenvue,Kenvue,KVUE,36940000000,$36.94 B,live,"Jul 31st, 2026",2026-08-01T07:08:05.767Z,https://companiesmarketcap.com/kenvue/marketcap/,retrieved from website (31-07-2026 21:01 UTC)
iron-mountain,Iron Mountain,IRM,36390000000,$36.39 B,live,"Jul 31st, 2026",2026-08-01T07:08:05.767Z,https://companiesmarketcap.com/iron-mountain/marketcap/,retrieved from website (31-07-2026 21:01 UTC)
pge,PG&E,PCG,36310000000,$36.31 B,published-fallback,2026-06-03,2026-08-01T07:08:05.767Z,https://companiesmarketcap.com/pg-e/marketcap/,Live fetch failed; used the latest published market-cap metric instead. Received 404 Not Found
kimberly-clark,Kimberly-Clark,KMB,36280000000,$36.28 B,live,"Jul 31st, 2026",2026-08-01T07:08:05.767Z,https://companiesmarketcap.com/kimberly-clark/marketcap/,retrieved from website (31-07-2026 21:01 UTC)
steel-dynamics,Steel Dynamics,STLD,36010000000,$36.01 B,live,"Jul 31st, 2026",2026-08-01T07:08:05.767Z,https://companiesmarketcap.com/steel-dynamics/marketcap/,retrieved from website (31-07-2026 21:01 UTC)
mt-bank,M&T Bank,MTB,35690000000,$35.69 B,live,"Jul 31st, 2026",2026-08-01T07:08:05.767Z,https://companiesmarketcap.com/mt-bank/marketcap/,retrieved from website (31-07-2026 21:01 UTC)
wec-energy-group,WEC Energy Group,WEC,35650000000,$35.65 B,live,"Jul 31st, 2026",2026-08-01T07:08:05.767Z,https://companiesmarketcap.com/wec-energy/marketcap/,retrieved from website (31-07-2026 21:01 UTC)
expedia-group,Expedia Group,EXPE,35370000000,$35.37 B,live,"Jul 31st, 2026",2026-08-01T07:08:05.767Z,https://companiesmarketcap.com/expedia/marketcap/,retrieved from website (31-07-2026 21:01 UTC)
kroger,Kroger,KR,35370000000,$35.37 B,live,"Jul 31st, 2026",2026-08-01T07:08:05.767Z,https://companiesmarketcap.com/kroger/marketcap/,retrieved from website (31-07-2026 21:01 UTC)
vulcan-materials,Vulcan Materials,VMC,34800000000,$34.80 B,live,"Jul 31st, 2026",2026-08-01T07:08:05.767Z,https://companiesmarketcap.com/vulcan-materials/marketcap/,retrieved from website (31-07-2026 21:01 UTC)
huntington-bancshares,Huntington Bancshares,HBAN,34420000000,$34.42 B,live,"Jul 31st, 2026",2026-08-01T07:08:05.767Z,https://companiesmarketcap.com/huntington-bancshares/marketcap/,retrieved from website (31-07-2026 21:01 UTC)
arch-capital-group,Arch Capital Group,ACGL,34280000000,$34.28 B,live,"Jul 31st, 2026",2026-08-01T07:08:05.767Z,https://companiesmarketcap.com/arch-capital/marketcap/,retrieved from website (31-07-2026 21:01 UTC)
raymond-james-financial,Raymond James Financial,RJF,33800000000,$33.80 B,live,"Jul 31st, 2026",2026-08-01T07:08:05.767Z,https://companiesmarketcap.com/raymond-james/marketcap/,retrieved from website (31-07-2026 21:01 UTC)
waters,Waters,WAT,33610000000,$33.61 B,published-fallback,2026-06-04,2026-08-01T07:08:05.767Z,https://companiesmarketcap.com/waters/marketcap/,Live fetch failed; used the latest published market-cap metric instead. Received 404 Not Found
crown-castle,Crown Castle,CCI,33340000000,$33.34 B,live,"Jul 31st, 2026",2026-08-01T07:08:05.767Z,https://companiesmarketcap.com/crown-castle/marketcap/,retrieved from website (31-07-2026 21:01 UTC)
eqt,EQT,EQT,33330000000,$33.33 B,live,"Jul 31st, 2026",2026-08-01T07:08:05.767Z,https://companiesmarketcap.com/eqt-corporation/marketcap/,retrieved from website (31-07-2026 21:01 UTC)
jabil,Jabil,JBL,33010000000,$33.01 B,live,"Jul 31st, 2026",2026-08-01T07:08:05.767Z,https://companiesmarketcap.com/jabil/marketcap/,retrieved from website (31-07-2026 21:01 UTC)
extra-space-storage,Extra Space Storage,EXR,32670000000,$32.67 B,live,"Jul 31st, 2026",2026-08-01T07:08:05.767Z,https://companiesmarketcap.com/extra-space-storage/marketcap/,retrieved from website (31-07-2026 21:01 UTC)
ingersoll-rand,Ingersoll Rand,IR,32620000000,$32.62 B,live,"Jul 31st, 2026",2026-08-01T07:08:05.767Z,https://companiesmarketcap.com/ingersoll-rand/marketcap/,retrieved from website (31-07-2026 21:01 UTC)
zoetis,Zoetis,ZTS,32400000000,$32.40 B,live,"Jul 31st, 2026",2026-08-01T07:08:05.767Z,https://companiesmarketcap.com/zoetis/marketcap/,retrieved from website (31-07-2026 21:01 UTC)
dexcom,DexCom,DXCM,32200000000,$32.20 B,live,"Jul 31st, 2026",2026-08-01T07:08:05.767Z,https://companiesmarketcap.com/dexcom/marketcap/,retrieved from website (31-07-2026 21:01 UTC)
las-vegas-sands,Las Vegas Sands,LVS,31660000000,$31.66 B,live,"Jul 31st, 2026",2026-08-01T07:08:05.767Z,https://companiesmarketcap.com/las-vegas-sands/marketcap/,retrieved from website (31-07-2026 21:01 UTC)
martin-marietta-materials,Martin Marietta Materials,MLM,31530000000,$31.53 B,live,"Jul 31st, 2026",2026-08-01T07:08:05.767Z,https://companiesmarketcap.com/martin-marietta/marketcap/,retrieved from website (31-07-2026 21:01 UTC)
ge-healthcare-technologies,GE HealthCare Technologies,GEHC,30940000000,$30.94 B,live,"Jul 31st, 2026",2026-08-01T07:08:05.767Z,https://companiesmarketcap.com/ge-healthcare-technologies/marketcap/,retrieved from website (31-07-2026 21:01 UTC)
tapestry,Tapestry,TPR,30780000000,$30.78 B,live,"Jul 31st, 2026",2026-08-01T07:08:05.767Z,https://companiesmarketcap.com/tapestry/marketcap/,retrieved from website (31-07-2026 21:01 UTC)
centene,Centene,CNC,30730000000,$30.73 B,live,"Jul 31st, 2026",2026-08-01T07:08:05.767Z,https://companiesmarketcap.com/centene/marketcap/,retrieved from website (31-07-2026 21:01 UTC)
kraft-heinz,Kraft Heinz,KHC,30650000000,$30.65 B,live,"Jul 31st, 2026",2026-08-01T07:08:05.767Z,https://companiesmarketcap.com/kraft-heinz/marketcap/,retrieved from website (31-07-2026 21:01 UTC)
resmed,ResMed,RMD,30600000000,$30.60 B,live,"Jul 31st, 2026",2026-08-01T07:08:05.767Z,https://companiesmarketcap.com/resmed/marketcap/,retrieved from website (31-07-2026 21:01 UTC)
ameren,Ameren,AEE,30330000000,$30.33 B,live,"Jul 31st, 2026",2026-08-01T07:08:05.767Z,https://companiesmarketcap.com/ameren/marketcap/,retrieved from website (31-07-2026 21:01 UTC)
citizens-financial-group,Citizens Financial Group,CFG,30280000000,$30.28 B,live,"Jul 31st, 2026",2026-08-01T07:08:05.767Z,https://companiesmarketcap.com/citizens-financial-group/marketcap/,retrieved from website (31-07-2026 21:01 UTC)
biogen,Biogen,BIIB,29980000000,$29.98 B,live,"Jul 31st, 2026",2026-08-01T07:08:05.767Z,https://companiesmarketcap.com/biogen/marketcap/,retrieved from website (31-07-2026 21:01 UTC)
teledyne-technologies,Teledyne Technologies,TDY,29730000000,$29.73 B,published-fallback,2026-07-11,2026-08-01T07:08:05.767Z,https://companiesmarketcap.com/teledyne-technologies/marketcap/,Live fetch failed; used the latest published market-cap metric instead. Received 404 Not Found
dte-energy,DTE Energy,DTE,29520000000,$29.52 B,live,"Jul 31st, 2026",2026-08-01T07:08:05.767Z,https://companiesmarketcap.com/dte-energy/marketcap/,retrieved from website (31-07-2026 21:01 UTC)
vici-properties,VICI Properties,VICI,29010000000,$29.01 B,live,"Jul 31st, 2026",2026-08-01T07:08:05.767Z,https://companiesmarketcap.com/vici-properties/marketcap/,retrieved from website (31-07-2026 21:01 UTC)
atmos-energy,Atmos Energy,ATO,28840000000,$28.84 B,live,"Jul 31st, 2026",2026-08-01T07:08:05.767Z,https://companiesmarketcap.com/atmos-energy/marketcap/,retrieved from website (31-07-2026 21:01 UTC)
fiserv,Fiserv,FISV,28760000000,$28.76 B,live,"Jul 31st, 2026",2026-08-01T07:08:05.767Z,https://companiesmarketcap.com/fiserv/marketcap/,retrieved from website (31-07-2026 21:01 UTC)
nrg-energy,NRG Energy,NRG,28330000000,$28.33 B,live,"Jul 31st, 2026",2026-08-01T07:08:05.767Z,https://companiesmarketcap.com/nrg-energy/marketcap/,retrieved from website (31-07-2026 21:01 UTC)
edison-international,Edison International,EIX,28230000000,$28.23 B,live,"Jul 31st, 2026",2026-08-01T07:08:05.767Z,https://companiesmarketcap.com/edison-international/marketcap/,retrieved from website (31-07-2026 21:01 UTC)
copart,Copart,CPRT,28050000000,$28.05 B,live,"Jul 31st, 2026",2026-08-01T07:08:05.767Z,https://companiesmarketcap.com/copart/marketcap/,retrieved from website (31-07-2026 21:01 UTC)
firstenergy,FirstEnergy,FE,27940000000,$27.94 B,live,"Jul 31st, 2026",2026-08-01T07:08:05.767Z,https://companiesmarketcap.com/firstenergy/marketcap/,retrieved from website (31-07-2026 21:01 UTC)
centerpoint-energy,CenterPoint Energy,CNP,27690000000,$27.69 B,live,"Jul 31st, 2026",2026-08-01T07:08:05.767Z,https://companiesmarketcap.com/centerpoint-energy/marketcap/,retrieved from website (31-07-2026 21:01 UTC)
dover,Dover,DOV,27550000000,$27.55 B,live,"Jul 31st, 2026",2026-08-01T07:08:05.767Z,https://companiesmarketcap.com/dover/marketcap/,retrieved from website (31-07-2026 21:01 UTC)
otis-worldwide,Otis Worldwide,OTIS,27380000000,$27.38 B,live,"Jul 31st, 2026",2026-08-01T07:08:05.767Z,https://companiesmarketcap.com/otis-worldwide/marketcap/,retrieved from website (31-07-2026 21:01 UTC)
xylem,Xylem,XYL,27310000000,$27.31 B,live,"Jul 31st, 2026",2026-08-01T07:08:05.767Z,https://companiesmarketcap.com/xylem/marketcap/,retrieved from website (31-07-2026 21:01 UTC)
halliburton,Halliburton,HAL,26940000000,$26.94 B,live,"Jul 31st, 2026",2026-08-01T07:08:05.767Z,https://companiesmarketcap.com/halliburton/marketcap/,retrieved from website (31-07-2026 21:01 UTC)
ppl,PPL,PPL,26490000000,$26.49 B,live,"Jul 31st, 2026",2026-08-01T07:08:05.767Z,https://companiesmarketcap.com/ppl/marketcap/,retrieved from website (31-07-2026 21:01 UTC)
hubbell,Hubbell,HUBB,24970000000,$24.97 B,live,"Jul 31st, 2026",2026-08-01T07:08:05.767Z,https://companiesmarketcap.com/hubbell/marketcap/,retrieved from website (31-07-2026 21:01 UTC)
synchrony-financial,Synchrony Financial,SYF,24650000000,$24.65 B,live,"Jul 31st, 2026",2026-08-01T07:08:05.767Z,https://companiesmarketcap.com/synchrony/marketcap/,retrieved from website (31-07-2026 21:01 UTC)
ppg-industries,PPG Industries,PPG,24560000000,$24.56 B,live,"Jul 31st, 2026",2026-08-01T07:08:05.767Z,https://companiesmarketcap.com/ppg-industries/marketcap/,retrieved from website (31-07-2026 21:01 UTC)
northern-trust,Northern Trust,NTRS,22370000000,$22.37 B,live,"Jul 31st, 2026",2026-08-01T07:08:05.767Z,https://companiesmarketcap.com/northern-trust/marketcap/,retrieved from website (31-07-2026 21:01 UTC)
docusign,Docusign,DOCU,10460000000,$10.46 B,live,"Jul 31st, 2026",2026-08-01T07:08:05.767Z,https://companiesmarketcap.com/docusign/marketcap/,retrieved from website (31-07-2026 21:01 UTC)
dropbox,Dropbox,DBX,7590000000,$7.59 B,live,"Jul 31st, 2026",2026-08-01T07:08:05.767Z,https://companiesmarketcap.com/dropbox/marketcap/,retrieved from website (31-07-2026 21:01 UTC)
